X (m),Y (m),Z (m),RX_sim,delta
-58.759,76.495,1989.5,-93.16,-13.24
-57.657,75.813,1989.5,-91.42,-16.08
-56.458,74.908,1989.5,-95.09,-10.11
-55.06,73.777,1989.5,-84.46,-21.24
-53.671,72.093,1989.5,-83.15,-20.45
-52.076,70.628,1989.5,-84.11,-19.39
-50.584,69.053,1989.5,-81.89,-22.51
-49.094,67.368,1989.5,-103.83,-1.97
-47.506,65.459,1989.5,-73.27,-32.43
-45.718,63.436,1989.5,-71.62,-33.08
-43.931,61.303,1989.5,-73.61,-31.39
-42.246,59.171,1989.5,-71.84,-27.66
-40.562,56.928,1989.5,-71.39,-30.21
-38.882,54.464,1989.5,-71.95,-30.85
-37.2,52.111,1989.5,-70.45,-25.25
-35.515,49.979,1986.5,-70.18,-23.52
-33.822,48.29,1986.5,-69.45,-29.05
-32.227,46.824,1986.5,-73.25,-28.55
-30.636,45.137,1986.5,-69.08,-36.72
-28.949,43.116,1986.5,-76.23,-27.97
-27.462,41.209,1986.5,-72.94,-33.76
-24.495,36.952,1986.5,-66.38,-40.32
-22.915,34.6,1986.5,-68.15,-38.95
-21.132,32.245,1986.5,-67.24,-34.76
-19.347,30.001,1986.5,-72.53,-29.57
-17.56,27.867,1986.5,-71.73,-31.57
-15.877,25.625,1986.5,-74.54,-28.96
-14.193,23.382,1986.5,-72.08,-31.12
-12.811,21.255,1986.5,-71.6,-33.5
-11.427,19.239,1982.5,-75.08,-29.02
-10.048,16.89,1982.5,-77.49,-27.41
-8.668,14.652,1982.5,-76.78,-28.82
-7.284,12.636,1983.5,-73.38,-31.32
-5.698,10.616,1983.5,-74.85,-35.45
-4.106,8.929,1983.5,-77.38,-29.62
-2.309,7.46,1983.5,-81.26,-23.44
-0.308,6.099,1983.5,-78.58,-26.12
1.799,5.069,1983.5,-67.04,-39.16
4.013,4.369,1983.5,-66.97,-43.83
6.437,4.22,1983.5,-66.44,-40.96
8.872,4.736,1983.5,-66.59,-41.81
11.109,5.476,1983.5,-66.34,-43.26
13.249,6.55,1983.5,-76.7,-43.3
15.294,7.958,1983.5,-73.59,-30.41
17.04,9.704,1983.5,-71.8,-34.9
18.886,11.337,1983.5,-72.79,-30.01
20.633,13.082,1982.5,-79.43,-27.07
22.28,14.94,1982.5,-81.28,-26.02
24.858,18.112,1982.5,-82.32,-24.18
26.294,19.419,1982.5,-79.16,-27.34
27.628,20.617,1984.5,-77.49,-30.11
28.457,21.934,1984.5,-78.61,-26.19
28.283,23.709,1984.5,-73.19,-33.31
26.999,25.613,1984.5,-76.36,-27.84
25.001,27.196,1984.5,-75.23,-29.17
23.0,28.557,1984.5,-74.72,-32.58
21.099,29.806,1984.5,-75.14,-32.16
19.197,31.055,1984.5,-71.0,-35.4
17.402,32.635,1984.5,-74.4,-33.8
15.917,34.652,1984.5,-74.2,-32.4
14.533,36.669,1984.5,-72.64,-32.76
13.046,38.576,1984.5,-72.71,-35.49
11.559,40.483,1984.5,-70.15,-32.85
10.073,42.39,1984.5,-67.06,-36.54
8.586,44.297,1984.5,-68.03,-37.47
7.101,46.315,1984.5,-69.72,-30.38
5.614,48.222,1984.5,-70.11,-30.09
4.026,50.131,1984.5,-71.73,-31.37
2.437,51.929,1989.5,-69.57,-34.13
0.847,53.727,1989.5,-71.16,-31.54
-0.741,55.635,1989.5,-72.15,-34.95
-2.126,57.541,1989.5,-73.29,-33.41
-3.51,59.557,1989.5,-75.81,-30.89
-6.379,63.591,1989.5,-69.65,-34.25
-7.864,65.609,1990.5,-68.72,-36.28
-9.151,67.403,1990.5,-73.1,-31.6
-10.534,69.419,1990.5,-72.22,-31.08
-12.021,71.326,1990.5,-74.64,-31.16
-13.51,73.122,1990.5,-76.31,-32.19
-14.996,75.029,1990.5,-77.51,-30.99
-16.485,76.826,1990.5,-80.15,-27.65
-17.97,78.844,1990.5,-77.72,-30.08
-19.458,80.64,1990.5,-70.86,-37.14
-21.048,82.438,1995.5,-74.82,-32.18
-22.535,84.345,1995.5,-75.93,-32.17
-24.022,86.252,1995.5,-75.18,-33.62
-25.609,88.161,1995.5,-76.02,-30.08
-27.096,90.068,1995.5,-79.77,-29.33
-28.881,92.312,1995.5,-80.32,-29.68
-30.565,94.555,1995.5,-79.15,-28.85
-32.252,96.576,1995.5,-78.94,-30.26
-33.937,98.708,1995.5,-79.65,-31.55
-35.623,100.84,1990.5,-86.02,-25.78
-38.077,105.532,1990.5,-90.5,-26.0
-38.953,107.651,1990.5,-102.2,-15.2
-39.528,109.655,1990.5,-98.95,-9.95
-40.102,111.769,1990.5,-99.98,-20.02
-43.141,117.8,1993.5,-103.41,-0.89
-45.254,118.499,1993.5,-107.21,-12.79
-47.982,118.652,1993.5,-112.64,-7.36
-57.663,113.93,1993.5,-94.71,-1.79
-59.913,112.303,1990.5,-97.0,-9.1
-62.163,110.677,1990.5,-105.19,0.99
-64.412,109.161,1988.5,-102.86,-2.84
-67.065,107.651,1988.5,-82.91,-18.39
-69.615,106.251,1988.5,-89.19,-10.81
-89.099,95.478,1988.5,-87.96,-19.44
-92.16,93.753,1986.5,-91.7,-28.3
-95.423,92.032,1986.5,-115.9,-4.1
-98.381,90.417,1986.5,-120.0,0.0
-101.137,88.798,1986.5,-120.0,0.0
-103.891,87.29,1986.5,-120.0,0.0
-106.646,85.672,1986.5,-120.0,23.7
-108.994,84.268,1986.5,-102.61,9.81
-111.239,82.974,1985.5,-120.0,24.8
-113.786,81.795,1985.5,-101.76,11.36
-116.636,80.621,1985.5,-101.48,8.88
-119.791,79.341,1985.5,-116.4,30.1
-122.949,77.84,1985.5,-116.7,27.5
-126.007,76.337,1985.5,-93.83,2.53
-128.351,75.155,1985.5,-98.63,11.13
-130.486,74.413,1985.5,-96.25,8.25
-132.418,73.779,1985.5,-96.82,2.52
-134.45,73.146,1985.5,-90.88,-1.12
-136.583,72.515,1985.5,-85.54,-3.56
-138.41,72.1,1985.5,-92.99,10.09
-140.34,71.577,1985.5,-96.95,11.55
-142.168,71.052,1985.5,-95.95,14.35
-143.897,70.414,1985.5,-95.6,12.8
-145.83,69.669,1985.5,-95.69,14.49
-147.866,68.815,1985.5,-95.75,16.15
-149.902,67.96,1987.5,-95.62,16.02
-151.835,67.215,1987.5,-95.79,16.19
-153.969,66.584,1987.5,-86.98,2.58
-156.402,66.179,1987.5,-86.23,6.43
-159.037,65.778,1987.5,-85.22,8.82
-161.771,65.599,1987.5,-96.0,26.7
-164.505,65.31,1987.5,-96.19,26.19
-167.141,64.908,1987.5,-95.71,28.41
-169.576,64.393,1987.5,-96.03,27.33
-171.908,63.986,1987.5,-93.66,27.96
-174.242,63.469,1987.5,-96.95,29.05
-176.878,63.067,1987.5,-96.1,23.2
-179.713,62.78,1987.5,-90.37,16.27
-182.75,62.606,1987.5,-92.87,18.47
-185.784,62.543,1987.5,-90.28,16.58
-188.512,62.697,1987.5,-94.47,20.77
-191.238,62.961,1987.5,-91.28,17.58
-193.764,63.112,1987.5,-85.35,11.65
-196.187,63.372,1987.5,-91.7,18.0
-198.615,63.3,1987.5,-92.35,-11.75
-141.841,-81.31,1971.5,-76.5,-15.1
-143.532,-79.51,1971.5,-76.93,-12.57
-145.221,-77.6,1971.5,-77.02,-12.58
-146.809,-75.691,1971.5,-77.68,-9.62
-148.399,-73.893,1971.5,-77.14,-11.56
-149.784,-71.988,1971.5,-80.05,-8.25
-151.172,-70.193,1970.5,-84.87,-0.73
-152.256,-68.403,1972.5,-78.05,-7.35
-153.439,-66.501,1972.5,-77.9,-8.5
-154.42,-64.601,1972.5,-77.48,-5.72
-156.285,-61.026,1972.5,-78.35,-5.95
-157.369,-59.236,1972.5,-120.0,37.4
-158.352,-57.448,1972.5,-84.11,0.51
-159.233,-55.55,1972.5,-83.1,-4.0
-160.081,-51.659,1972.5,-83.22,-5.78
-160.454,-49.658,1972.5,-86.37,-0.03
-160.625,-47.661,1972.5,-84.03,-3.47
-160.695,-45.666,1972.5,-84.05,-5.35
-160.562,-43.673,1972.5,-83.43,-3.47
-160.227,-41.684,1972.5,-79.73,-3.97
-159.79,-39.586,1972.5,-81.15,-2.75
-159.251,-37.489,1975.5,-74.54,-9.66
-158.712,-35.392,1975.5,-85.34,0.44
-158.074,-33.408,1975.5,-78.69,-3.61
-157.335,-31.425,1975.5,-79.14,-2.56
-155.456,-27.687,1975.5,-76.16,-6.54
-154.319,-26.154,1975.5,-77.31,-5.39
-152.779,-24.627,1975.5,-77.71,-5.89
-151.14,-23.323,1975.5,-77.48,-1.32
-149.404,-22.242,1975.5,-77.72,-42.28
-147.567,-21.163,1975.5,-78.15,-1.95
-145.729,-20.084,1975.5,-78.05,11.15
-143.89,-18.894,1975.5,-76.48,5.78
-142.052,-17.705,1975.5,-77.39,0.49
-140.118,-16.959,1975.5,-76.12,-1.68
-138.393,-16.543,1975.5,-77.13,-0.67
-136.57,-16.351,1975.5,-75.73,-0.47
-134.745,-16.047,1975.5,-78.05,6.15
-132.918,-15.633,1975.5,-78.66,1.76
-131.086,-14.886,1975.5,-78.21,-2.19
-129.359,-14.359,1975.5,-77.79,2.29
-127.629,-13.722,1975.5,-78.32,4.22
-125.693,-12.755,1975.5,-78.64,2.04
-123.756,-11.788,1975.5,-74.56,-3.04
-122.118,-10.484,1975.5,-73.32,-5.68
-120.878,-8.842,1976.5,-80.2,6.7
-120.24,-6.857,1980.5,-73.71,-0.69
-119.803,-4.759,1980.5,-72.1,-4.4
-119.259,-2.33,1980.5,-82.19,5.69
-118.415,-0.127,1980.5,-74.39,-2.11
-117.169,1.958,1980.5,-62.85,-3.75
-113.981,5.343,1980.5,-59.84,-3.96
-112.241,6.645,1980.5,-59.47,-7.03
-110.404,7.724,1980.5,-58.82,-2.88
-108.567,8.803,1980.5,-59.85,-2.25
-106.831,9.884,1980.5,-59.94,-4.76
-104.993,10.963,1980.5,-59.18,-6.82
-103.254,12.265,1980.5,-60.34,-4.56
-101.415,13.455,1980.5,-61.17,-0.63
-99.776,14.759,1980.5,-60.79,-3.31
-98.037,16.061,1980.5,-61.09,-2.61
-96.194,17.473,1980.5,-62.0,-0.7
-94.455,18.775,1980.5,-61.97,-0.63
-92.511,20.185,1980.5,-62.69,1.49
-90.669,21.596,1980.5,-63.61,1.31
-88.927,23.009,1982.5,-61.21,-0.99
-87.085,24.421,1982.5,-61.69,0.09
-85.349,25.501,1982.5,-59.94,-1.16
-83.308,26.688,1982.5,-62.98,-1.12
-79.726,29.401,1982.5,-61.6,-2.0
-77.984,30.814,1982.5,-62.11,-1.29
-76.042,32.113,1982.5,-61.8,-1.3
-74.104,33.191,1982.5,-62.91,-1.09
-70.445,34.352,1982.5,-63.81,0.71
-69.028,34.441,1982.5,-65.03,2.63
-67.428,33.307,1982.5,-69.45,6.85
-65.738,31.508,1982.5,-120.0,57.8
-64.352,29.602,1984.5,-63.03,0.33
-62.865,27.695,1984.5,-62.29,-3.21
-61.073,25.894,1984.5,-60.88,-3.22
-59.28,24.204,1984.5,-58.8,-3.9
-57.588,22.515,1984.5,-56.66,-8.64
-55.899,20.605,1983.5,-120.0,57.4
-54.004,18.913,1983.5,-54.26,-9.64
-52.617,17.118,1983.5,-52.73,-13.27
-51.63,15.551,1983.5,-51.86,-9.94
-50.738,14.429,1983.5,-51.19,-10.81
-49.378,10.862,1983.5,-50.44,-13.36
-49.917,8.765,1983.5,-50.57,-11.93
-51.568,6.686,1983.5,-51.62,-10.68
-53.515,5.054,1983.5,-57.17,-6.63
-55.864,3.54,1983.5,-55.74,-6.16
-58.317,1.917,1983.5,-59.02,-4.18
-60.874,0.073,1983.5,-57.88,-5.92
-63.431,-1.77,1983.5,-55.74,-3.36
-65.782,-3.395,1980.5,-58.45,3.05
-68.125,-4.466,1980.5,-59.12,0.22
-70.762,-4.978,1980.5,-59.57,-4.63
-73.588,-4.602,1980.5,-59.48,-4.52
-78.498,-1.754,1980.5,-59.14,2.14
-80.387,0.27,1980.5,-60.76,-1.94
-82.073,2.402,1980.5,-72.07,9.07
-83.556,4.531,1980.5,-58.09,-3.51
-84.837,6.656,1980.5,-58.11,-3.39
-86.223,8.562,1980.5,-58.61,-2.89
-87.61,10.357,1980.5,-59.59,-1.91
-89.2,12.155,1980.5,-59.69,-5.11
-90.592,13.617,1980.5,-61.14,-7.86
-92.086,15.081,1980.5,-60.97,-6.83
-95.596,16.909,1980.5,-61.86,-7.24
-97.824,16.723,1980.5,-61.64,-9.66
-102.518,14.027,1980.5,-60.55,-11.15
-104.774,12.068,1980.5,-60.62,-10.08
-106.824,10.327,1980.5,-59.76,-9.44
-108.669,8.694,1980.5,-59.85,-8.25
-110.615,7.174,1980.5,-60.53,-12.07
-112.462,5.43,1980.5,-59.68,-7.62
-114.512,3.689,1980.5,-58.71,-15.69
-116.459,2.058,1980.5,-74.62,4.62
-120.728,0.685,1980.5,-74.02,13.22
-122.942,1.385,1979.5,-62.77,3.97
-124.535,2.961,1979.5,-59.96,-0.34
-125.717,4.974,1979.5,-60.9,3.0
-126.696,6.984,1979.5,-60.54,-3.56
-127.672,9.216,1979.5,-61.58,-10.42
-128.646,11.558,1979.5,-60.43,-11.47
-129.722,13.902,1979.5,-61.05,-17.85
-130.801,16.024,1979.5,-61.67,-16.83
-131.777,18.256,1979.5,-62.02,-11.18
-132.751,20.598,1979.5,-64.44,-9.86
-133.525,22.826,1981.5,-61.88,-12.02
-134.501,25.058,1981.5,-61.65,-12.95
-135.578,27.291,1981.5,-62.59,-13.61
-136.752,29.747,1981.5,-62.47,-16.23
-137.929,32.092,1981.5,-65.0,-11.8
-139.008,34.215,1981.5,-95.79,21.69
-140.19,36.228,1981.5,-90.05,14.35
-141.472,38.243,1981.5,-101.14,22.24
-142.656,40.145,1981.5,-100.48,28.48
-143.736,42.156,1981.5,-102.19,30.29
-144.915,44.391,1981.5,-102.99,30.09
-146.094,46.515,1981.5,-109.13,33.13
-148.866,50.326,1982.5,-115.06,45.56
-150.047,52.339,1982.5,-95.97,26.47
-151.229,54.352,1987.5,-93.35,19.55
-152.207,56.473,1987.5,-93.31,19.61
-152.887,58.257,1987.5,-96.63,19.93
-153.568,59.929,1987.5,-96.3,21.3
-154.863,61.169,1987.5,-95.61,28.81
-157.084,61.425,1987.5,-96.23,27.23
-159.132,59.796,1987.5,-95.66,29.56
-160.186,57.042,1987.5,-96.98,32.08
-158.566,50.812,1982.5,-98.66,24.86
-156.486,48.009,1982.5,-98.78,26.28
-154.299,45.647,1982.5,-91.57,12.17
-152.314,43.289,1982.5,-97.09,21.89
-150.428,41.043,1982.5,-94.93,17.83
-148.847,38.691,1982.5,-100.81,24.61
-147.064,36.336,1981.5,-115.58,37.08
-145.077,34.089,1981.5,-100.06,22.26
-142.987,31.951,1981.5,-67.17,-13.73
-141.103,29.594,1981.5,-62.4,-17.9
-139.421,27.241,1981.5,-62.85,-17.05
-137.842,24.778,1981.5,-61.84,-16.66
-136.463,22.429,1979.5,-65.97,-10.03
-135.189,19.861,1979.5,-64.92,-11.08
-134.015,17.404,1979.5,-62.53,-13.17
-133.04,15.062,1979.5,-61.67,-15.43
-132.265,12.945,1979.5,-60.72,-10.58
-130.215,8.259,1979.5,-60.02,-4.18
-127.77,3.012,1979.5,-60.55,-9.45
-126.599,0.334,1979.5,-74.21,9.61
-125.53,-2.453,1979.5,-73.94,3.44
-124.563,-5.238,1979.5,-74.64,-1.16
-123.496,-8.136,1979.5,-77.46,-3.14
-122.432,-11.144,1975.5,-70.27,-8.73
-121.368,-14.264,1975.5,-77.64,-6.26
-120.3,-17.05,1976.5,-79.13,-8.27
-119.434,-19.834,1976.5,-78.67,-33.43
-118.665,-22.395,1976.5,-78.7,-8.0
-117.031,-27.739,1976.5,-77.24,-10.36
-116.365,-30.409,1976.5,-76.43,-43.57
-115.5,-33.304,1976.5,-120.0,0.0
-113.775,-39.314,1976.5,-72.74,-47.26
-111.142,-51.877,1973.5,-83.01,0.71
-110.579,-54.656,1973.5,-83.41,-5.49
-110.117,-57.433,1973.5,-85.53,-5.97
-109.653,-60.1,1973.5,-77.09,-15.11
-109.19,-62.766,1973.5,-79.99,-40.01
-108.624,-65.324,1973.5,-77.83,-32.77
-108.158,-67.88,1973.5,-78.06,-27.74
-107.794,-70.434,1973.5,-77.51,-18.39
-107.33,-73.101,1973.5,-76.16,-43.84
-106.87,-75.989,1973.5,-77.6,-42.4
-106.313,-79.1,1973.5,-76.68,-40.42
-104.999,-85.547,1973.5,-75.27,-13.63
-104.188,-91.876,1973.5,-70.8,-15.9
-103.829,-94.763,1973.5,-70.24,-17.46
-103.57,-97.537,1973.5,-71.66,-10.54
-103.206,-100.091,1973.5,-71.52,-13.68
-102.84,-102.535,1974.5,-70.51,-15.89
-102.27,-104.87,1974.5,-72.16,-13.34
-101.801,-107.205,1974.5,-73.09,-15.01
-101.336,-109.761,1974.5,-69.42,-25.98
-100.773,-112.54,1974.5,-71.77,-26.33
-100.313,-115.428,1974.5,-69.49,-22.41
-100.053,-118.202,1974.5,-71.08,-19.62
-99.891,-120.753,1974.5,-71.71,-17.49
-99.628,-123.306,1974.5,-80.53,-19.87
-99.166,-126.083,1974.5,-78.49,-14.01
-98.806,-128.859,1974.5,-81.57,-12.13
-98.447,-131.745,1974.5,-82.75,-11.15
-97.987,-134.634,1974.5,-81.49,-38.51
-97.525,-137.411,1974.5,-76.82,-36.88
-96.962,-140.19,1974.5,-82.71,-37.29
-96.498,-142.857,1974.5,-84.88,-6.72
-96.036,-145.634,1974.5,-85.25,-9.55
76.819,-98.386,1979.5,-120.0,4.1
78.975,-96.315,1979.5,-104.43,-15.57
82.677,-92.384,1979.5,-104.12,-15.88
51.136,196.869,1995.5,-120.0,20.7
41.037,191.266,1997.5,-120.0,0.0
38.788,189.75,1997.5,-120.0,0.0
34.688,186.269,1997.5,-89.38,-10.52
32.738,184.416,1997.5,-102.27,-17.73
30.685,182.454,1997.5,-90.74,-29.26
28.429,180.495,1997.5,-89.41,-25.39
26.172,178.426,1997.5,-89.66,-30.34
17.847,169.914,1997.5,-89.89,-30.11
8.201,160.98,1997.5,-103.82,1.82
6.348,158.904,1997.5,-90.49,-12.11
4.701,157.047,1997.5,-85.37,-29.53
-2.795,149.852,1997.5,-91.06,-27.24
-44.226,119.59,1993.5,-106.11,4.71
-45.866,118.176,1993.5,-105.46,-14.54
-47.607,116.763,1993.5,-109.46,-10.54
-62.512,107.801,1990.5,-81.89,-30.71
-64.966,106.067,1988.5,-100.94,-19.06
-67.421,104.333,1988.5,-88.68,-31.32
-74.616,96.912,1988.5,-95.66,-4.24
-74.147,94.577,1988.5,-86.19,-19.71
-71.676,90.993,1988.5,-84.15,-24.75
-69.983,89.304,1988.5,-84.07,-18.53
-68.289,87.726,1988.5,-86.4,-18.7
-66.391,86.255,1988.5,-86.86,-19.54
-8.889,64.739,1990.5,-67.7,-32.4
-10.076,66.42,1990.5,-72.33,-24.57
-11.263,68.101,1990.5,-72.0,-32.0
-12.243,70.111,1990.5,-71.41,-28.09
-13.932,72.021,1990.5,-120.0,20.5
-15.31,74.37,1990.5,-75.81,-23.69
-16.483,76.937,1990.5,-80.15,-28.15
-17.963,79.287,1990.5,-77.97,-28.03
-19.547,81.417,1990.5,-71.39,-37.01
-21.233,83.549,1995.5,-75.64,-31.06
-23.018,85.793,1995.5,-75.56,-31.74
-24.902,88.15,1995.5,-75.24,-31.26
-26.784,90.617,1995.5,-79.43,-27.77
-29.073,92.98,1995.5,-79.31,-26.79
-30.962,95.004,1995.5,-79.0,-32.3
-32.75,97.027,1995.5,-80.43,-29.47
-34.335,99.157,1995.5,-80.03,-32.67
-35.415,101.169,1990.5,-85.74,-26.96
-36.29,103.399,1990.5,-87.68,-25.02
-37.057,106.07,1990.5,-93.4,-20.1
-37.622,108.738,1990.5,-93.1,-20.4
-38.388,111.41,1990.5,-100.89,-9.21
-39.567,113.644,1993.5,-102.99,-7.11
-41.566,115.116,1993.5,-103.72,-3.78
-44.395,115.272,1993.5,-103.64,-3.86
-47.646,114.326,1993.5,-105.58,-1.92
-50.907,112.715,1990.5,-113.1,8.7
-54.271,110.995,1990.5,-115.86,11.46
-57.433,109.272,1990.5,-102.06,-2.34
-60.494,107.548,1990.5,-97.33,-8.97
-63.457,105.6,1988.5,-99.79,-10.41
-66.019,103.424,1988.5,-99.75,-10.45
-68.378,101.356,1988.5,-88.84,-21.36
-70.537,99.063,1988.5,-95.98,-8.92
-71.995,96.427,1988.5,-94.76,-10.14
-72.544,93.666,1988.5,-85.98,-21.22
-71.874,91.217,1988.5,-85.65,-21.95
-70.287,89.309,1988.5,-83.92,-23.68
-67.988,87.61,1988.5,-85.47,-19.83
-65.282,86.016,1988.5,-86.55,-20.45
-62.682,84.202,1990.5,-88.13,-18.87
-60.188,82.058,1989.5,-84.79,-20.51
-57.896,79.916,1989.5,-86.38,-18.22
-55.806,77.778,1989.5,-85.62,-20.88
-54.117,75.868,1989.5,-80.8,-22.9
-52.623,74.404,1989.5,-84.74,-22.66
-51.133,72.718,1989.5,-84.74,-18.96
-49.245,70.583,1989.5,-84.18,-19.42
-46.96,67.999,1989.5,-75.46,-32.84
-44.677,65.303,1989.5,-85.46,-19.44
-42.495,62.61,1989.5,-71.19,-34.01
-40.313,59.916,1989.5,-71.43,-34.57
-38.429,57.559,1989.5,-71.16,-28.54
-36.844,55.429,1989.5,-72.02,-26.98
-35.159,53.297,1990.5,-70.48,-30.02
-33.374,51.053,1986.5,-71.44,-27.26
-31.389,48.695,1986.5,-70.85,-32.65
-29.302,46.335,1986.5,-96.25,-5.85
-27.216,43.975,1986.5,-74.63,-31.07
-25.231,41.617,1986.5,-72.78,-31.32
-23.345,39.371,1986.5,-65.98,-42.22
-21.457,37.236,1986.5,-68.18,-32.62
-19.472,34.878,1986.5,-67.42,-36.48
-17.586,32.632,1986.5,-65.96,-36.74
-15.601,30.274,1986.5,-72.46,-28.24
-13.717,27.917,1986.5,-74.01,-28.69
-11.834,25.45,1986.5,-73.8,-31.4
-10.053,22.984,1986.5,-73.4,-31.0
-8.176,20.184,1983.5,-120.0,17.1
-6.301,17.274,1983.5,-73.98,-31.12
-4.326,14.251,1983.5,-72.6,-33.5
-2.353,11.118,1983.5,-73.98,-33.62
-0.479,8.096,1983.5,-73.44,-33.26
1.4,5.407,1983.5,-66.44,-42.16
2.979,2.945,1983.5,-66.74,-38.86
4.359,0.707,1983.5,-66.75,-40.25
5.738,-1.642,1983.5,-67.92,-39.58
7.117,-3.99,1983.5,-70.41,-33.69
8.898,-6.456,1983.5,-69.82,-33.38
13.074,-10.954,1979.5,-73.42,-32.08
15.375,-12.542,1979.5,-73.09,-35.61
17.986,-13.691,1979.5,-73.62,-33.98
20.506,-14.174,1981.5,-74.68,-31.22
23.135,-14.215,1981.5,-75.61,-30.29
28.307,-13.3,1981.5,-76.2,-29.7
31.043,-12.899,1981.5,-74.43,-35.27
33.569,-13.05,1981.5,-120.0,17.1
36.386,-13.981,1981.5,-120.0,12.5
39.293,-15.578,1981.5,-72.54,-27.36
41.893,-17.392,1981.5,-70.44,-34.26
44.499,-18.873,1981.5,-71.04,-36.66
47.109,-20.133,1982.5,-69.55,-39.45
49.521,-21.058,1982.5,-70.3,-38.7
52.132,-22.207,1982.5,-72.01,-36.89
54.536,-23.685,1982.5,-70.98,-37.92
56.929,-25.828,1982.5,-71.12,-37.78
59.013,-28.299,1982.5,-72.66,-37.14
60.793,-30.875,1982.5,-80.01,-28.69
62.372,-33.338,1982.5,-81.83,-26.87
64.056,-35.581,1982.5,-80.54,-28.16
65.741,-37.713,1982.5,-80.95,-28.55
68.903,-42.416,1979.5,-111.55,-0.35
70.175,-45.095,1979.5,-120.0,8.9
71.242,-47.993,1979.5,-120.0,9.5
72.005,-50.886,1979.5,-85.69,-25.01
72.767,-53.89,1979.5,-120.0,7.7
73.53,-56.783,1979.5,-89.41,-22.09
75.003,-59.576,1980.5,-85.51,-24.59
76.985,-62.156,1980.5,-81.7,-38.3
79.38,-64.188,1980.5,-87.76,-32.24
81.984,-65.78,1980.5,-82.89,-37.11
84.998,-67.047,1980.5,-91.81,-28.19
87.811,-68.199,1980.5,-87.4,-32.6
90.424,-69.238,1980.5,-87.23,-32.77
92.731,-70.382,1980.5,-91.18,-28.82
94.936,-71.636,1980.5,-118.87,-1.13
29.457,104.578,1991.5,-116.36,-0.04
28.327,103.488,1991.5,-112.38,-6.82
28.287,100.94,1991.5,-119.65,-0.35
84.982,60.268,1988.5,-86.27,-22.93
83.024,57.972,1988.5,-82.24,-25.36
80.976,56.342,1988.5,-83.85,-28.65
78.623,54.606,1988.5,-83.55,-26.65
76.17,52.983,1989.5,-88.25,-20.05
71.569,49.731,1984.5,-82.45,-30.85
69.217,48.106,1984.5,-80.9,-28.0
66.967,46.479,1984.5,-120.0,0.0
64.816,44.741,1984.5,-77.03,-31.07
62.463,43.005,1984.5,-77.21,-32.69
60.213,41.378,1984.5,-77.87,-29.33
57.962,39.752,1984.5,-71.82,-39.48
55.611,38.127,1984.5,-73.48,-34.22
53.359,36.389,1984.5,-75.39,-25.31
51.004,34.543,1984.5,-76.06,-26.64
48.55,32.808,1984.5,-76.41,-26.59
46.193,30.851,1984.5,-74.93,-32.17
43.739,29.117,1984.5,-74.48,-27.02
41.285,27.383,1984.5,-75.61,-28.29
38.829,25.538,1984.5,-75.95,-27.85
36.476,23.802,1984.5,-77.7,-26.9
34.021,22.068,1984.5,-77.73,-21.17
31.769,20.33,1984.5,-77.17,-28.33
29.617,18.481,1982.5,-79.0,-22.8
27.466,16.742,1982.5,-79.23,-27.37
25.316,15.114,1982.5,-78.97,-24.03
23.068,13.598,1982.5,-78.95,-27.15
20.615,11.974,1982.5,-83.33,-18.67
18.165,10.462,1983.5,-73.31,-32.49
13.361,7.213,1983.5,-74.67,-28.33
11.007,5.477,1983.5,-66.34,-38.56
8.858,3.849,1983.5,-65.97,-38.83
6.913,2.329,1983.5,-67.17,-35.33
5.172,0.916,1983.5,-66.72,-39.58
3.53,-0.61,1983.5,-67.19,-39.21
1.684,-2.243,1983.5,-66.86,-40.34
-0.364,-3.872,1983.5,-70.47,-33.83
-2.615,-5.499,1983.5,-70.5,-36.8
-4.966,-7.124,1983.5,-71.24,-38.66
-7.52,-8.746,1983.5,-72.86,-33.54
-10.077,-10.589,1981.5,-77.66,-28.94
-12.732,-12.209,1981.5,-78.77,-29.53
-15.188,-14.054,1981.5,-80.1,-28.2
-17.642,-15.789,1981.5,-120.0,11.6
-22.658,-19.698,1981.5,-81.65,-26.85
-25.118,-21.765,1981.5,-78.27,-33.13
-27.478,-23.944,1981.5,-81.41,-25.29
-30.037,-25.898,1981.5,-77.75,-33.55
-55.31,-44.669,1975.5,-81.42,-17.98
-57.457,-46.186,1975.5,-79.44,-21.76
-59.605,-47.703,1975.5,-81.02,-17.18
-61.857,-49.441,1975.5,-80.86,-39.14
-63.607,-51.408,1975.5,-80.97,-12.93
-64.55,-53.498,1975.5,-80.35,-19.45
-61.723,-60.191,1975.5,-80.44,-26.36
-59.937,-62.324,1975.5,-79.69,-20.11
-58.049,-64.459,1975.5,-82.2,-18.3
-56.262,-66.593,1975.5,-90.88,-9.62
-54.676,-68.612,1975.5,-87.81,-18.09
-52.987,-70.523,1975.5,-84.87,-30.43
-51.3,-72.544,1974.5,-89.02,-30.98
-96.893,-123.016,1974.5,-74.5,-12.7
-97.346,-119.685,1974.5,-71.98,-31.82
-97.601,-116.579,1974.5,-70.69,-18.51
-97.855,-113.472,1974.5,-70.73,-17.97
-98.313,-110.473,1974.5,-70.98,-18.82
-98.77,-107.363,1974.5,-69.84,-20.86
-99.225,-104.143,1974.5,-69.99,-18.31
-99.58,-101.035,1973.5,-70.68,-11.32
-99.934,-97.816,1973.5,-70.8,-15.7
-100.39,-94.706,1973.5,-70.46,-14.94
-100.845,-91.486,1973.5,-73.05,-14.65
-101.103,-88.601,1973.5,-72.18,-11.92
-100.958,-85.833,1973.5,-71.8,-11.9
-100.413,-83.293,1973.5,-75.51,-8.79
-99.369,-81.204,1973.5,-72.64,-16.26
-98.023,-79.231,1973.5,-74.38,-11.52
-96.478,-77.482,1973.5,-75.55,-10.45
-94.531,-75.851,1973.5,-79.12,-8.98
-92.382,-74.223,1973.5,-120.0,35.1
-89.93,-72.599,1973.5,-83.44,-0.66
-87.374,-70.867,1973.5,-77.43,-9.87
-84.819,-69.134,1975.5,-76.35,-15.25
-82.265,-67.512,1975.5,-76.67,-14.93
-79.811,-65.778,1975.5,-76.9,-13.4
-77.254,-63.935,1975.5,-75.86,-14.44
-74.798,-62.09,1975.5,-76.37,-24.03
-72.448,-60.576,1975.5,-87.95,-11.75
-70.207,-59.503,1975.5,-81.66,-16.54
-67.569,-58.991,1975.5,-79.4,-22.6
-64.737,-58.924,1975.5,-84.26,-17.44
-61.713,-59.526,1975.5,-80.18,-21.32
-59.001,-60.677,1975.5,-80.19,-23.91
-56.801,-62.263,1975.5,-82.62,-16.58
-54.812,-64.4,1975.5,-84.47,-20.53
-32.771,-122.365,1976.5,-104.93,-15.07
-30.309,-126.504,1976.5,-105.79,-8.41
-29.357,-123.86,1976.5,-92.95,-18.75
75.842,-96.155,1979.5,-108.64,-11.36
77.012,-92.517,1979.5,-120.0,19.3
77.777,-88.872,1979.5,-120.0,15.4
78.133,-85.554,1979.5,-96.43,-10.27
78.731,-79.69,1979.5,-120.0,13.3
78.675,-76.809,1979.5,-120.0,10.7
78.215,-73.921,1979.5,-90.62,-16.28
77.654,-71.031,1980.5,-86.14,-20.46
76.791,-68.025,1980.5,-88.34,-9.56
75.624,-65.126,1980.5,-89.27,-13.93
74.05,-62.331,1979.5,-120.0,16.7
72.063,-60.084,1979.5,-120.0,19.1
69.565,-58.161,1979.5,-120.0,20.1
66.76,-56.455,1979.5,-120.0,16.2
63.952,-54.97,1979.5,-120.0,15.7
60.946,-53.26,1979.5,-120.0,12.4
57.838,-51.549,1979.5,-89.07,-18.53
54.934,-49.731,1979.5,-80.99,-26.61
52.238,-47.583,1979.5,-80.85,-29.55
49.747,-45.217,1979.5,-87.09,-23.31
47.458,-42.854,1979.5,-85.54,-27.06
45.473,-40.496,1981.5,-81.51,-23.99
43.688,-38.251,1981.5,-78.13,-33.27
42.001,-36.23,1981.5,-78.95,-26.25
40.622,-33.882,1981.5,-75.77,-31.23
39.449,-31.315,1981.5,-74.78,-32.62
38.583,-28.531,1981.5,-75.46,-28.84
38.123,-25.643,1981.5,-88.55,-14.85
37.766,-22.645,1981.5,-73.24,-34.06
36.896,-20.083,1981.5,-70.66,-28.34
35.322,-17.288,1981.5,-70.59,-29.21
33.238,-14.818,1981.5,-120.0,13.0
31.041,-13.01,1981.5,-75.04,-30.16
28.427,-12.083,1981.5,-75.65,-26.75
25.598,-11.927,1981.5,-74.34,-29.66
22.861,-12.327,1981.5,-73.0,-35.0
20.024,-12.726,1981.5,-73.8,-28.5
17.088,-12.901,1979.5,-75.57,-32.53
13.958,-12.63,1979.5,-72.38,-35.72
11.139,-11.81,1979.5,-76.12,-32.18
6.946,-8.42,1983.5,-69.74,-31.16
5.666,-6.184,1983.5,-70.68,-34.32
4.286,-3.946,1983.5,-69.43,-42.97
3.007,-1.709,1983.5,-68.55,-33.95
1.628,0.639,1983.5,-67.73,-35.17
0.35,2.986,1983.5,-67.25,-35.95
-0.927,5.333,1983.5,-67.46,-36.14
-2.104,7.679,1983.5,-80.56,-26.54
-3.381,10.026,1983.5,-75.68,-29.42
-4.758,12.485,1983.5,-72.8,-33.5
-6.438,14.949,1983.5,-76.12,-27.68
-8.124,17.081,1983.5,-120.0,15.5
-9.809,19.213,1982.5,-74.83,-33.17
-11.592,21.568,1986.5,-70.58,-35.72
-13.478,23.814,1986.5,-70.66,-35.64
-15.361,26.281,1986.5,-74.27,-31.83
-17.241,28.859,1986.5,-73.55,-31.15
-19.223,31.439,1986.5,-66.4,-39.3
-21.004,33.905,1986.5,-67.92,-39.18
-22.789,36.149,1986.5,-68.6,-37.0
-24.478,38.059,1986.5,-66.39,-38.51
-26.064,40.079,1986.5,-72.74,-31.06
-27.551,41.986,1986.5,-74.2,-28.5
-30.629,45.58,1986.5,-71.17,-28.23
-32.116,47.487,1986.5,-70.76,-26.04
-33.402,49.281,1986.5,-71.29,-24.71
-34.788,51.186,1986.5,-72.04,-28.06
-36.074,52.979,1989.5,-70.8,-31.8
-37.461,54.774,1989.5,-71.17,-33.63
-39.736,58.023,1989.5,-70.76,-31.64
-41.024,59.706,1989.5,-72.11,-35.39
-42.613,61.504,1989.5,-73.13,-33.17
-44.203,63.301,1989.5,-70.3,-32.6
-52.193,69.632,1989.5,-85.51,-16.19
-53.894,70.767,1989.5,-82.45,-24.45
-55.384,72.453,1989.5,-83.21,-23.09
-56.77,74.358,1989.5,-85.03,-19.87
-58.053,76.373,1989.5,-86.74,-18.26
-59.332,78.609,1989.5,-82.73,-24.97
-60.615,80.624,1989.5,-82.54,-23.76
-61.898,82.639,1989.5,-84.62,-19.48
-63.384,84.546,1990.5,-80.98,-23.02
-64.97,86.565,1988.5,-83.98,-18.02
-66.56,88.363,1988.5,-92.23,-8.77
-68.049,90.16,1988.5,-89.05,-15.25
-69.333,92.064,1988.5,-102.14,-1.96
-70.311,94.184,1988.5,-84.05,-35.95
-70.677,96.628,1988.5,-86.92,-21.98
-70.232,99.169,1988.5,-88.31,-31.69
-69.183,101.59,1988.5,-88.72,-20.78
-67.435,103.447,1988.5,-101.76,-18.24
-62.442,105.806,1990.5,-98.72,-7.98
-49.816,111.368,1990.5,-110.1,-9.9
-47.468,112.772,1990.5,-105.7,-14.3
-42.775,115.357,1993.5,-103.9,-16.1
-40.225,116.757,1993.5,-102.41,-17.59
-37.672,118.379,1993.5,-105.85,-14.15
-33.59,120.752,1996.5,-89.36,-27.54
-32.261,121.618,1996.5,-90.08,-24.22
-20.511,129.3,1996.5,-82.48,-22.62
-18.163,130.703,1996.5,-83.0,-32.0
-15.915,132.219,1996.5,-86.13,-33.87
-13.666,133.735,1996.5,-86.27,-18.43
-11.315,135.36,1996.5,-86.97,-20.93
52.903,187.09,1995.5,-120.0,0.0
195.663,95.865,1989.5,-120.0,21.7
193.807,93.567,1989.5,-120.0,24.2
192.248,90.933,1989.5,-120.0,26.0
190.69,88.298,1989.5,-120.0,0.0
188.935,85.999,1988.5,-98.69,-21.31
186.679,84.04,1988.5,-102.42,-8.68
184.028,82.641,1988.5,-120.0,0.0
181.284,81.798,1988.5,-88.44,-20.26
178.339,80.958,1988.5,-80.19,-39.81
175.294,80.23,1988.5,-87.72,-32.28
172.046,79.505,1988.5,-89.86,-30.14
168.794,78.449,1987.5,-89.2,-30.8
165.444,77.615,1987.5,-87.72,-32.28
40.467,26.842,1984.5,-76.09,-21.61
38.313,24.881,1984.5,-75.63,-21.57
36.46,22.805,1984.5,-76.76,-28.14
34.708,20.727,1984.5,-77.63,-27.77
32.857,18.762,1982.5,-79.27,-26.13
30.807,17.021,1982.5,-81.21,-22.89
28.654,15.172,1982.5,-79.71,-19.09
26.606,13.542,1982.5,-82.51,-20.49
24.152,11.808,1982.5,-83.28,-21.32
21.595,9.964,1982.5,-89.98,-14.02
18.935,8.012,1983.5,-72.29,-40.41
16.273,5.949,1983.5,-66.36,-33.94
13.713,3.884,1983.5,-66.38,-33.02
11.354,1.815,1983.5,-66.19,-36.31
9.202,-0.034,1983.5,-67.23,-52.77
7.148,-1.996,1983.5,-67.31,-36.19
4.995,-3.846,1983.5,-69.34,-35.36
2.743,-5.583,1983.5,-69.02,-35.58
0.495,-7.099,1983.5,-71.19,-29.51
-1.855,-8.614,1983.5,-71.9,-32.7
-4.306,-10.126,1983.5,-72.14,-46.36
-6.859,-11.748,1979.5,-77.77,-34.73
-9.312,-13.371,1981.5,-78.56,-33.94
-11.564,-15.109,1981.5,-79.69,-25.71
-13.917,-16.844,1981.5,-120.0,14.3
-16.373,-18.689,1981.5,-99.21,-20.59
-18.932,-20.644,1981.5,-85.4,-23.9
-21.492,-22.708,1981.5,-81.96,-38.04
-24.154,-24.772,1981.5,-84.99,-35.01
-50.67,-45.407,1975.5,-83.74,-16.36
-53.227,-47.25,1975.5,-83.75,-16.95
-61.2,-52.664,1975.5,-79.94,-14.26
-65.718,-57.025,1975.5,-82.26,-10.74
-67.979,-59.317,1975.5,-82.13,-11.47
-70.543,-61.603,1975.5,-81.26,-15.94
-73.205,-63.666,1975.5,-77.44,-17.16
-75.762,-65.51,1975.5,-76.91,-14.19
-78.422,-67.462,1975.5,-76.71,-10.89
-81.08,-69.304,1975.5,-78.3,-10.1
-83.74,-71.256,1973.5,-81.3,-2.0
-86.301,-73.321,1973.5,-79.41,-8.69
-88.76,-75.388,1973.5,-120.0,31.6
-91.113,-77.124,1973.5,-77.22,-8.78
-93.365,-78.861,1973.5,-75.36,-44.64
-111.045,-84.233,1973.5,-81.58,1.88
-113.67,-83.97,1973.5,-77.49,-10.31
-116.203,-84.263,1973.5,-76.25,-12.65
-118.741,-84.887,1973.5,-78.09,-41.91
-121.181,-85.735,1973.5,-77.51,-11.49
-123.625,-86.805,1971.5,-86.06,-3.74
-125.964,-87.654,1971.5,-88.83,-0.47
-128.302,-88.393,1971.5,-101.62,-18.38
-130.735,-88.798,1971.5,-104.26,10.06
-133.163,-88.87,1971.5,-120.0,18.5
-137.496,-87.916,1971.5,-76.22,-2.38
-139.405,-87.11,1971.5,-75.7,-1.3
-141.104,-85.864,1971.5,-76.8,-5.8
-142.903,-84.506,1971.5,-75.66,-27.44
-144.596,-82.818,1971.5,-78.79,-25.41
-146.185,-81.02,1971.5,-77.86,-6.14
-148.754,-77.212,1971.5,-77.3,-11.6
-149.938,-75.309,1971.5,-78.39,-7.61
-152.498,-70.948,1970.5,-84.55,-0.35
-153.676,-68.713,1972.5,-78.38,-6.22
-154.753,-66.48,1972.5,-77.86,-6.54
-155.928,-64.024,1972.5,-77.35,-16.15
-157.101,-61.457,1972.5,-78.81,-5.19
-158.075,-59.114,1972.5,-83.21,-4.19
-159.147,-56.549,1972.5,-82.96,-4.14
-160.015,-53.876,1972.5,-83.39,-1.21
-160.58,-51.208,1972.5,-81.29,-4.71
-160.94,-48.432,1972.5,-85.87,0.97
-161.053,-42.779,1972.5,-81.45,-1.85
-160.809,-40.124,1972.5,-82.5,0.8
-160.565,-37.468,1975.5,-74.84,0.04
-160.319,-34.702,1975.5,-81.28,4.18
-159.831,-29.391,1975.5,-78.05,1.75
-158.881,-26.857,1975.5,-76.81,7.11
-154.98,-23.152,1975.5,-75.66,5.46
-152.641,-22.302,1975.5,-76.91,-2.59
-150.106,-21.899,1975.5,-76.7,3.4
-147.368,-21.388,1975.5,-78.25,1.05
-144.626,-20.656,1975.5,-79.81,5.21
-141.984,-19.811,1975.5,-77.83,4.93
-139.341,-18.966,1975.5,-77.7,3.2
-136.699,-18.121,1975.5,-77.12,-1.58
-131.612,-16.207,1975.5,-78.1,4.8
-129.167,-15.027,1975.5,-77.29,7.89
-126.817,-13.513,1975.5,-78.02,1.42
-124.762,-11.44,1975.5,-79.69,7.49
-123.007,-9.141,1975.5,-78.45,5.25
-119.904,-4.757,1980.5,-72.1,0.4
-117.645,-2.577,1980.5,-73.74,3.24
-115.288,-0.62,1980.5,-120.0,54.2
-112.832,1.225,1980.5,-75.82,7.72
-110.477,3.072,1980.5,-59.43,-9.57
-108.122,4.918,1980.5,-59.09,-5.01
-105.769,6.654,1980.5,-59.31,-0.79
-103.313,8.499,1980.5,-59.41,-7.29
-100.859,10.233,1980.5,-60.3,-4.5
-98.504,12.08,1980.5,-60.24,-4.96
-96.05,13.814,1980.5,-60.54,-2.76
-93.798,15.551,1980.5,-61.01,-2.49
-91.342,17.396,1980.5,-62.23,1.33
-89.088,19.244,1980.5,-62.71,4.81
-86.834,21.092,1980.5,-61.28,3.58
-84.481,22.828,1982.5,-59.86,0.46
-79.876,26.301,1982.5,-61.05,-2.25
-77.62,28.26,1982.5,-61.61,1.31
-75.368,29.998,1982.5,-62.16,0.56
-73.421,31.629,1982.5,-62.47,-0.53
-71.179,32.702,1982.5,-63.0,1.6
-68.746,33.106,1982.5,-63.05,4.15
-66.536,32.185,1982.5,-120.0,59.9
-64.643,30.382,1982.5,-65.28,3.68
-63.162,28.143,1984.5,-62.14,2.34
-61.682,25.793,1984.5,-61.45,1.15
-60.2,23.553,1984.5,-59.39,-2.01
-58.919,21.428,1984.5,-57.13,-2.77
-57.335,19.298,1983.5,-56.62,-5.18
-53.971,14.591,1983.5,-52.8,-8.1
-52.488,12.462,1983.5,-51.53,-8.57
-51.201,10.669,1983.5,-51.04,-11.86
-50.407,9.77,1983.5,-50.69,-9.71
-52.357,7.917,1983.5,-51.77,-10.23
-55.631,5.531,1983.5,-55.46,-1.74
-58.592,3.694,1983.5,-59.73,0.63
-61.656,1.748,1983.5,-56.93,-4.67
-64.519,-0.202,1983.5,-54.61,-4.29
-67.175,-1.933,1980.5,-58.3,-3.2
-69.727,-3.444,1980.5,-59.35,1.75
-71.458,-4.192,1980.5,-59.65,-2.75
-73.377,-4.051,1980.5,-59.38,2.08
-76.084,-2.568,1980.5,-59.16,-0.64
-77.876,-0.767,1980.5,-58.56,-1.44
-79.263,1.028,1980.5,-58.2,-0.6
-80.546,3.043,1980.5,-57.58,-4.42
-81.928,5.17,1980.5,-57.21,-1.29
-83.612,7.413,1980.5,-58.81,-1.19
-85.295,9.655,1980.5,-58.51,-2.99
-87.08,11.9,1980.5,-59.68,-3.32
-90.76,15.836,1980.5,-61.52,-4.18
-94.976,17.786,1980.5,-61.77,-3.63
-97.613,17.273,1980.5,-61.21,-6.49
-100.163,15.873,1980.5,-61.13,-8.17
-102.823,13.921,1980.5,-60.54,-10.86
-105.387,11.634,1980.5,-60.53,-12.47
-107.746,9.566,1980.5,-59.87,-18.43
-109.694,7.824,1980.5,-60.51,-11.79
-111.643,6.082,1980.5,-59.53,-10.07
-113.39,4.337,1980.5,-59.85,-14.35
-115.337,2.705,1980.5,-60.46,-11.94
-117.486,1.077,1980.5,-74.47,0.87
-119.536,-0.663,1980.5,-75.65,0.35
-121.389,-2.74,1979.5,-74.73,3.33
-122.384,-8.153,1979.5,-77.45,5.35
-121.218,-11.163,1976.5,-80.2,4.7
-119.547,-14.181,1976.5,-82.27,4.37
-117.875,-17.2,1976.5,-79.86,0.86
-116.513,-20.545,1976.5,-80.37,1.37
-115.15,-23.891,1976.5,-79.91,-8.79
-113.989,-27.233,1976.5,-78.51,-41.49
-112.928,-30.463,1976.5,-79.03,-5.57
-111.971,-33.913,1976.5,-120.0,0.2
-111.115,-37.362,1976.5,-70.11,-22.89
-110.057,-40.813,1973.5,-83.6,-32.7
-109.303,-44.26,1973.5,-85.04,-2.66
-108.447,-47.709,1973.5,-82.31,-37.69
-107.692,-51.156,1973.5,-82.34,-12.96
-106.831,-54.272,1973.5,-95.18,-24.82
-106.073,-57.497,1973.5,-81.66,-5.44
-105.413,-60.499,1973.5,-83.87,-24.53
-104.953,-63.387,1973.5,-79.84,-12.66
-104.494,-66.386,1973.5,-75.85,-16.65
-104.038,-69.496,1973.5,-75.38,-17.12
-103.377,-72.498,1973.5,-75.9,-44.1
-102.202,-74.954,1973.5,-74.32,-45.68
-99.905,-76.763,1973.5,-73.75,-29.35
-96.881,-77.365,1973.5,-73.15,-46.85
-93.639,-76.973,1973.5,-79.54,-13.06
-90.583,-75.581,1973.5,-120.0,0.0
-87.721,-73.631,1973.5,-77.16,-3.44
-85.361,-71.453,1973.5,-80.5,-0.5
-83.203,-69.27,1975.5,-76.64,-6.26
-81.047,-67.199,1975.5,-80.63,-8.57
-78.891,-65.128,1975.5,-75.89,-10.61
-76.53,-62.949,1975.5,-75.75,-16.85
-74.172,-60.881,1975.5,-71.2,-23.7
-71.608,-58.594,1975.5,-80.92,-13.68
-68.944,-56.42,1975.5,-82.08,-12.52
-66.689,-54.461,1975.5,-79.86,-19.94
-64.641,-52.832,1975.5,-81.54,-38.46
-62.591,-51.091,1975.5,-82.14,-22.96
-60.341,-49.465,1975.5,-82.38,-24.02
-57.89,-47.952,1975.5,-79.72,-29.98
-50.114,-42.202,1975.5,-83.35,-36.65
-47.551,-40.026,1981.5,-78.43,-41.57
-44.986,-37.629,1981.5,-77.26,-32.94
-42.42,-35.232,1981.5,-79.07,-29.23
-39.959,-33.055,1981.5,-75.39,-30.71
-37.6,-30.986,1981.5,-77.85,-31.55
-35.243,-29.029,1981.5,-75.93,-30.27
-32.787,-27.184,1981.5,-75.61,-34.69
-30.026,-25.233,1981.5,-76.54,-32.96
-27.366,-23.281,1981.5,-83.07,-25.33
-24.708,-21.439,1981.5,-79.25,-30.25
-22.05,-19.597,1981.5,-87.18,-19.92
-19.491,-17.643,1981.5,-82.21,-24.89
-17.033,-15.687,1981.5,-120.0,15.1
-14.574,-13.621,1981.5,-81.03,-27.77
-11.808,-11.338,1981.5,-77.54,-31.26
-9.352,-9.493,1982.5,-74.06,-34.74
-7.206,-8.086,1983.5,-72.54,-33.56
-5.264,-6.787,1983.5,-71.41,-34.69
-3.218,-5.268,1983.5,-70.45,-38.15
-0.966,-3.531,1983.5,-69.97,-30.83
1.49,-1.686,1983.5,-66.46,-35.44
4.049,0.269,1983.5,-67.96,-46.44
6.608,2.223,1983.5,-67.17,-34.43
9.27,4.286,1983.5,-66.69,-36.81
12.032,6.348,1983.5,-69.41,-33.99
14.694,8.411,1983.5,-74.48,-31.42
17.56,10.582,1983.5,-71.91,-32.39
20.221,12.645,1982.5,-77.97,-27.43
22.679,14.601,1982.5,-79.27,-28.03
24.933,16.449,1982.5,-81.64,-24.96
30.04,19.693,1982.5,-79.35,-25.55
32.697,21.424,1984.5,-77.24,-29.46
35.153,23.269,1984.5,-79.62,-24.78
37.412,25.449,1984.5,-74.72,-33.28
39.773,27.739,1984.5,-76.39,-30.21
42.236,30.027,1984.5,-74.89,-35.41
44.799,32.203,1984.5,-75.72,-34.18
47.358,34.157,1984.5,-75.86,-32.14
49.711,35.893,1984.5,-74.58,-37.32
51.858,37.41,1984.5,-71.96,-38.24
54.006,38.927,1984.5,-72.04,-44.46
56.052,40.446,1984.5,-76.33,-43.67
57.994,41.746,1984.5,-77.84,-32.86
59.735,43.159,1984.5,-76.35,-43.65
61.476,44.572,1984.5,-79.85,-40.15
63.425,46.314,1984.5,-91.32,-28.68
65.374,48.056,1984.5,-79.56,-40.44
67.324,49.909,1984.5,-88.08,-31.92
38.531,109.311,1991.5,-120.0,6.8
36.889,107.785,1991.5,-120.0,6.8
35.148,106.372,1991.5,-120.0,0.0
33.407,104.959,1991.5,-120.0,0.0
31.768,103.655,1991.5,-120.0,0.0
30.332,102.348,1991.5,-120.0,2.1
29.0,101.261,1991.5,-120.0,3.0
27.672,100.396,1991.5,-120.0,3.0
26.15,100.087,1991.5,-119.13,2.13
24.437,100.447,1991.5,-120.0,2.4
22.734,101.471,1991.5,-120.0,3.4
21.24,102.935,1991.5,-112.42,-7.58
19.746,104.399,1994.5,-96.6,-17.5
18.453,105.749,1994.5,-104.16,-15.84
16.851,106.771,1994.5,-95.99,-24.01
14.732,107.026,1994.5,-106.61,-13.39
12.497,106.397,1994.5,-102.78,-17.22
10.651,104.764,1994.5,-98.41,-19.59
9.206,102.903,1994.5,-98.67,-21.33
8.26,100.591,1994.5,-99.48,-20.52
7.819,98.271,1994.5,-100.05,-19.95
10.775,93.349,1994.5,-92.36,-27.64
14.958,89.294,1994.5,-116.84,-3.16
16.947,87.158,1994.5,-103.74,-16.26
18.932,84.799,1994.5,-105.41,-14.59
34.18,70.598,1988.5,-104.23,-15.77
36.325,72.004,1988.5,-99.27,-20.73
37.983,74.527,1988.5,-120.0,0.0
38.637,77.508,1988.5,-120.0,6.4
37.875,80.512,1988.5,-120.0,8.1
35.996,83.201,1991.5,-99.39,-16.41
33.709,85.674,1991.5,-97.64,-22.26
31.719,87.7,1991.5,-102.67,-8.13
29.828,89.614,1991.5,-105.55,-5.55
28.141,91.635,1991.5,-110.5,6.4
26.35,93.547,1991.5,-120.0,9.1
24.963,95.341,1991.5,-120.0,3.6
23.776,97.022,1991.5,-120.0,7.1
23.4,98.801,1991.5,-120.0,0.0
24.137,100.673,1991.5,-120.0,0.0
27.932,104.048,1991.5,-111.31,-8.69
30.283,105.673,1991.5,-115.7,-4.3
90.364,-73.004,1980.5,-87.36,-32.64
88.261,-71.752,1980.5,-88.68,-31.32
85.955,-70.497,1980.5,-84.34,-35.66
83.54,-69.683,1980.5,-90.3,-26.3
81.022,-69.089,1980.5,-86.62,-33.38
74.098,-65.656,1979.5,-87.71,-32.29
72.411,-63.635,1979.5,-87.52,-22.68
71.033,-61.286,1979.5,-88.94,-13.56
69.86,-58.719,1979.5,-112.83,5.23
68.992,-56.046,1979.5,-120.0,11.2
68.427,-53.378,1979.5,-89.01,-13.29
68.068,-50.492,1979.5,-88.72,-17.98
67.507,-47.602,1979.5,-86.77,-15.73
66.644,-44.597,1979.5,-120.0,15.6
65.576,-41.81,1982.5,-84.67,-19.43
64.099,-39.238,1982.5,-83.06,-21.74
62.518,-36.886,1982.5,-81.03,-23.27
60.735,-34.531,1982.5,-79.23,-26.67
58.851,-32.175,1982.5,-82.57,-26.33
56.969,-29.707,1982.5,-82.59,-25.31
55.186,-27.352,1982.5,-72.63,-40.37
53.401,-25.108,1982.5,-72.5,-37.5
51.511,-23.084,1982.5,-72.22,-35.38
49.613,-21.613,1982.5,-71.53,-36.17
47.401,-20.803,1982.5,-69.99,-38.41
43.373,-19.742,1981.5,-69.95,-37.45
41.466,-18.826,1981.5,-70.49,-36.31
39.662,-17.8,1981.5,-73.04,-33.76
37.864,-16.442,1981.5,-71.89,-30.11
36.27,-14.866,1981.5,-72.03,-31.27
34.885,-12.96,1981.5,-120.0,12.7
33.804,-10.949,1982.5,-69.98,-36.82
33.531,-9.061,1982.5,-70.0,-36.7
34.277,-6.635,1982.5,-70.26,-34.04
35.823,-4.775,1982.5,-68.48,-38.72
37.365,-3.138,1982.5,-69.58,-37.62
38.817,-0.834,1982.5,-69.56,-30.94
39.468,1.926,1982.5,-78.91,-18.49
39.714,4.693,1982.5,-70.3,-30.5
39.447,7.024,1982.5,-75.57,-27.73
38.772,9.14,1982.5,-93.11,-5.39
37.694,11.262,1982.5,-87.58,-13.52
36.106,13.171,1982.5,-88.84,-12.26
34.108,14.753,1982.5,-79.46,-23.54
32.205,15.891,1982.5,-79.47,-23.33
29.89,16.593,1982.5,-80.63,-38.87
27.363,16.633,1982.5,-79.23,-23.27
24.922,15.785,1982.5,-82.47,-21.63
22.874,14.155,1982.5,-79.73,-24.77
20.92,12.08,1982.5,-81.62,-38.38
18.761,9.787,1983.5,-70.42,-33.68
16.505,7.829,1983.5,-74.33,-26.47
14.455,6.088,1983.5,-68.37,-33.83
12.409,4.569,1983.5,-66.25,-31.55
10.565,3.047,1983.5,-66.71,-30.09
8.818,1.301,1983.5,-66.55,-30.25
7.375,-0.449,1983.5,-67.57,-39.93
6.332,-2.427,1983.5,-68.7,-36.3
5.991,-4.859,1983.5,-71.15,-35.75
6.459,-7.193,1983.5,-70.61,-33.99
7.742,-9.208,1983.5,-70.83,-34.67
9.328,-11.228,1979.5,-75.02,-29.38
11.324,-12.921,1979.5,-74.28,-30.32
13.325,-14.282,1979.5,-73.79,-30.01
15.333,-15.2,1979.5,-74.13,-32.07
19.57,-15.821,1981.5,-75.22,-30.08
22.0,-15.638,1981.5,-76.44,-32.16
24.433,-15.233,1981.5,-75.21,-33.39
26.567,-14.602,1981.5,-79.27,-30.53
28.904,-13.863,1981.5,-75.19,-30.91
31.441,-13.349,1981.5,-75.04,-31.06
33.966,-13.5,1981.5,-120.0,16.4
37.759,-16.662,1981.5,-72.33,-31.67
38.531,-19.001,1981.5,-72.38,-32.32
38.798,-21.332,1981.5,-72.77,-32.13
38.961,-23.772,1981.5,-73.0,-31.8
39.125,-26.213,1981.5,-76.36,-27.64
39.184,-28.873,1981.5,-75.54,-33.96
39.345,-31.535,1981.5,-77.54,-33.06
39.604,-34.309,1981.5,-73.85,-35.75
40.27,-36.979,1981.5,-73.67,-37.13
41.342,-39.544,1981.5,-78.49,-32.31
42.825,-41.673,1981.5,-76.55,-34.95
44.513,-43.694,1976.5,-81.11,-27.49
46.202,-45.604,1976.5,-79.96,-31.64
47.992,-47.516,1979.5,-83.35,-28.75
49.477,-49.534,1979.5,-89.12,-18.78
51.064,-51.443,1979.5,-85.07,-24.63
52.757,-53.131,1979.5,-83.67,-25.43
54.955,-54.828,1979.5,-81.99,-21.21
57.561,-56.31,1979.5,-85.11,-17.19
60.275,-57.35,1979.5,-80.2,-22.3
62.992,-58.168,1979.5,-83.54,-18.96
65.603,-59.317,1979.5,-87.81,-20.29
67.7,-61.012,1979.5,-84.9,-23.2
69.082,-63.139,1979.5,-89.02,-19.18
70.156,-65.594,1979.5,-88.38,-19.42
71.329,-68.161,1979.5,-88.02,-18.98
72.496,-71.06,1979.5,-93.43,-12.57
74.224,-76.96,1979.5,-120.0,0.0
74.787,-79.739,1979.5,-120.0,0.0
75.146,-82.626,1979.5,-95.93,-13.77
75.402,-85.621,1979.5,-120.0,0.3
75.152,-88.609,1979.5,-120.0,0.0
71.385,-96.639,1979.5,-120.0,0.0
69.128,-98.708,1979.5,-120.0,0.0
66.571,-100.552,1979.5,-120.0,0.0
63.812,-102.392,1979.5,-120.0,0.0
-98.077,-121.114,1974.5,-71.77,-17.93
-98.331,-118.007,1974.5,-72.38,-47.62
-98.381,-114.793,1974.5,-69.71,-15.99
-98.535,-111.688,1974.5,-71.58,-18.12
-98.59,-108.807,1974.5,-70.16,-29.44
-98.751,-106.145,1974.5,-71.23,-16.37
-99.113,-103.48,1974.5,-71.97,-15.03
-99.678,-100.812,1973.5,-71.9,-12.8
-100.143,-98.256,1973.5,-72.7,-9.8
-100.809,-95.586,1973.5,-72.05,-10.95
-101.471,-92.695,1973.5,-71.31,-12.69
-102.44,-90.02,1973.5,-70.08,-15.52
-103.214,-87.792,1973.5,-69.84,-19.76
-103.688,-85.79,1973.5,-76.34,-13.26
-103.86,-83.903,1973.5,-76.78,-25.02
-103.831,-82.02,1973.5,-76.09,-12.51
-103.899,-79.914,1973.5,-76.58,-9.32
-104.062,-77.473,1973.5,-76.5,-8.2
-104.423,-74.698,1973.5,-75.57,-9.93
-104.683,-71.923,1973.5,-77.28,-11.92
-104.941,-69.038,1973.5,-77.99,-12.71
-105.2,-66.264,1973.5,-77.9,-30.1
-105.458,-63.379,1973.5,-78.12,-12.58
-105.918,-60.491,1973.5,-81.73,-36.97
-106.376,-57.492,1973.5,-81.66,-21.64
-106.734,-54.495,1973.5,-95.18,7.78
-107.192,-51.496,1973.5,-83.17,-36.83
-107.65,-48.497,1973.5,-82.74,-37.26
-108.316,-45.827,1973.5,-79.82,-6.38
-108.987,-43.49,1973.5,-82.16,-37.84
-113.064,-32.677,1976.5,-79.57,-40.43
-113.532,-30.343,1976.5,-77.74,-29.16
-113.794,-27.68,1976.5,-79.72,-2.18
-114.921,-22.232,1976.5,-80.0,2.9
-115.889,-19.447,1976.5,-80.24,0.14
-116.863,-17.105,1976.5,-80.7,0.6
-117.739,-14.986,1976.5,-79.58,-0.02
-118.616,-12.866,1976.5,-77.43,-1.27
-119.287,-10.529,1976.5,-69.73,0.23
-119.958,-8.192,1980.5,-67.89,-3.11
-120.631,-5.965,1980.5,-71.91,4.91
-121.405,-3.737,1979.5,-74.91,13.31
-122.076,-1.399,1979.5,-74.36,17.96
-122.947,1.052,1979.5,-62.77,0.17
-123.92,3.505,1979.5,-59.87,-8.63
-124.993,5.96,1979.5,-61.03,-3.27
-126.166,8.527,1979.5,-60.96,-11.84
-127.44,11.096,1979.5,-61.14,-7.76
-128.714,13.664,1979.5,-62.1,-13.5
-131.363,18.803,1979.5,-61.61,-13.99
-132.737,21.484,1979.5,-62.26,-14.24
-134.112,24.054,1981.5,-62.22,-9.58
-135.588,26.626,1981.5,-61.9,-13.1
-136.963,29.196,1981.5,-62.88,-10.42
-138.342,31.545,1981.5,-63.42,-13.48
-139.519,33.89,1981.5,-120.0,44.4
-140.798,36.127,1981.5,-100.41,23.91
-142.075,38.474,1981.5,-101.81,28.31
-143.454,40.822,1981.5,-100.17,28.97
-144.834,43.06,1981.5,-104.5,27.4
-146.319,45.078,1981.5,-105.58,35.68
-147.801,47.318,1981.5,-111.29,35.09
-148.976,49.774,1982.5,-72.19,-0.41
-149.845,52.336,1982.5,-107.18,37.08
-150.108,54.889,1987.5,-92.48,13.78
-150.173,57.217,1987.5,-92.28,15.28
-149.627,59.756,1987.5,-92.06,13.06
-148.17,62.393,1985.5,-96.99,25.09
-145.811,64.461,1985.5,-97.2,19.0
-142.96,65.746,1985.5,-96.35,12.65
-139.918,66.252,1985.5,-95.99,16.19
-136.876,66.758,1985.5,-87.02,8.22
-134.133,67.601,1985.5,-96.96,17.16
-131.581,69.112,1985.5,-97.6,16.5
-129.228,70.848,1985.5,-97.78,17.58
-126.782,72.028,1985.5,-98.38,17.68
-124.339,73.097,1985.5,-90.62,8.32
-121.9,73.834,1985.5,-90.59,0.29
-119.458,74.793,1985.5,-107.62,22.02
-117.013,75.973,1985.5,-105.65,13.65
-114.567,77.154,1985.5,-120.0,29.1
-112.123,78.223,1985.5,-112.25,15.25
-109.779,79.405,1985.5,-120.0,24.3
-107.436,80.476,1985.5,-120.0,22.6
-104.891,81.544,1985.5,-120.0,22.6
-102.447,82.614,1985.5,-120.0,21.0
-100.005,83.572,1986.5,-120.0,22.2
-95.526,85.496,1986.5,-111.39,12.79
-93.384,86.681,1986.5,-120.0,19.2
-91.342,87.868,1988.5,-80.43,-17.27
-89.099,89.051,1988.5,-82.79,-19.11
-86.959,90.126,1988.5,-109.26,7.36
-84.919,91.201,1988.5,-87.98,-11.92
-82.779,92.276,1988.5,-109.2,10.5
-80.638,93.35,1988.5,-108.21,5.81
-78.395,94.533,1988.5,-115.06,14.86
-76.258,95.386,1988.5,-84.7,-16.5
-74.529,96.024,1988.5,-88.86,-11.84
-73.314,96.115,1988.5,-86.85,-16.75
-72.401,96.323,1988.5,-87.81,-16.09
-71.278,96.97,1988.5,-87.38,-13.12
-69.955,97.503,1988.5,-87.61,-13.29
-68.339,97.367,1988.5,-96.39,-3.41
-67.044,96.127,1988.5,-90.65,-13.05
-66.166,94.119,1988.5,-86.87,-16.13
-65.39,92.002,1988.5,-94.47,-7.73
-64.418,89.548,1988.5,-81.45,-24.25
-63.344,87.094,1990.5,-80.66,-25.64
-62.063,84.968,1990.5,-90.54,-14.16
-60.78,82.954,1990.5,-89.05,-15.75
-59.498,80.939,1989.5,-85.58,-19.22
-58.013,78.921,1989.5,-85.0,-19.8
-56.529,76.792,1989.5,-83.82,-19.48
-54.945,74.662,1989.5,-86.27,-22.13
-53.357,72.753,1989.5,-86.72,-13.28
-51.771,70.734,1989.5,-81.3,-18.3
-50.181,68.936,1989.5,-81.99,-21.11
-48.695,67.029,1989.5,-83.33,-21.17
-46.906,65.006,1989.5,-73.08,-30.12
-43.138,60.293,1989.5,-72.83,-30.17
-41.156,57.713,1989.5,-71.66,-31.14
-39.175,55.133,1989.5,-71.59,-30.81
-37.094,52.441,1989.5,-70.45,-30.55
-35.112,49.862,1986.5,-72.66,-25.04
-33.229,47.394,1986.5,-70.37,-29.03
-31.344,45.148,1986.5,-69.58,-30.72
-29.561,42.793,1986.5,-77.31,-25.09
-27.577,40.324,1986.5,-72.64,-31.36
-25.693,37.968,1986.5,-66.51,-37.39
-23.908,35.724,1986.5,-67.59,-38.61
-22.226,33.37,1986.5,-67.47,-26.53
-20.544,31.017,1986.5,-66.25,-35.65
-19.066,28.556,1986.5,-73.69,-21.01
-17.59,25.984,1986.5,-71.4,-23.3
-16.114,23.412,1986.5,-70.43,-36.57
-14.533,21.06,1986.5,-72.71,-29.29
-12.847,18.928,1982.5,-73.02,-31.28
-10.855,17.013,1982.5,-77.51,-25.79
-8.861,15.209,1982.5,-74.79,-28.81
-6.871,13.183,1983.5,-75.96,-25.74
-5.281,11.385,1983.5,-73.95,-31.85
-3.892,9.701,1983.5,-73.08,-29.12
-2.407,7.683,1983.5,-80.56,-20.74
-0.924,5.555,1983.5,-67.88,-30.62
0.868,3.754,1983.5,-67.57,-33.83
2.972,2.502,1983.5,-66.74,-32.96
5.801,2.346,1983.5,-67.37,-37.23
8.85,3.295,1983.5,-66.55,-37.95
11.708,5.023,1983.5,-66.45,-41.95
17.037,9.482,1983.5,-69.93,-35.97
19.801,11.655,1982.5,-78.15,-28.85
22.364,13.83,1982.5,-80.69,-28.71
25.785,19.206,1982.5,-83.18,-18.92
26.038,22.415,1984.5,-77.09,-25.81
25.278,25.53,1984.5,-74.17,-30.03
23.602,28.215,1984.5,-74.55,-29.75
21.414,30.577,1984.5,-67.33,-39.07
19.024,32.941,1984.5,-73.34,-30.46
16.736,35.304,1984.5,-74.1,-32.1
14.552,37.887,1984.5,-72.09,-29.21
12.572,40.578,1984.5,-70.74,-29.16
10.494,43.491,1984.5,-78.67,-25.43
8.518,46.404,1984.5,-69.4,-33.1
6.74,49.091,1984.5,-71.21,-31.69
4.961,51.667,1989.5,-69.58,-29.42
3.076,54.024,1989.5,-70.8,-28.2
1.393,56.267,1989.5,-73.35,-32.65
-0.091,58.395,1989.5,-73.55,-32.45
-1.673,60.636,1989.5,-75.56,-25.94
-3.252,63.099,1989.5,-79.18,-22.22
-4.934,65.452,1989.5,-67.4,-35.8
-6.616,67.806,1989.5,-120.0,17.9
-8.298,70.159,1990.5,-72.73,-33.17
-10.085,72.293,1990.5,-76.6,-28.9
-11.667,74.534,1990.5,-75.24,-32.46
-13.349,76.887,1990.5,-78.58,-27.82
-16.619,81.149,1990.5,-78.46,-29.54
-18.406,83.283,1995.5,-77.0,-29.8
-20.088,85.636,1995.5,-75.83,-31.27
-21.668,87.988,1995.5,-75.54,-30.16
-23.249,90.34,1995.5,-78.22,-32.68
-25.234,92.698,1995.5,-78.24,-31.06
-27.523,95.061,1995.5,-78.75,-31.45
-29.606,97.642,1995.5,-79.06,-40.94
-31.488,100.11,1995.5,-81.8,-32.0
-35.052,104.93,1995.5,-84.19,-35.81
-36.537,106.948,1990.5,-91.4,-14.3
-37.721,108.851,1990.5,-93.1,-26.9
-38.502,110.636,1990.5,-98.76,-12.64
-38.671,112.744,1990.5,-102.64,-4.26
-38.943,114.743,1993.5,-102.79,-4.41
-39.729,116.195,1993.5,-104.52,5.32
-44.376,116.49,1993.5,-107.33,-12.67
-47.32,115.761,1993.5,-110.29,6.59
-50.567,115.037,1993.5,-120.0,19.1
-56.556,113.58,1993.5,-89.53,-11.37
-59.204,112.403,1990.5,-98.25,-3.55
-61.757,110.781,1990.5,-101.67,-18.33
-64.515,109.052,1988.5,-83.61,-14.99
-67.07,107.319,1988.5,-104.97,7.37
-69.416,106.026,1988.5,-101.38,4.28
-71.663,104.621,1988.5,-98.85,2.45
-74.112,103.219,1988.5,-100.63,1.23
-76.967,101.713,1988.5,-94.65,-0.25
-80.129,99.99,1988.5,-96.67,-0.63
-83.186,98.487,1988.5,-110.09,13.39
-88.796,95.473,1988.5,-86.17,-7.93
-91.754,93.858,1986.5,-120.0,0.0
-106.746,85.784,1986.5,-120.0,25.5
-109.704,84.168,1986.5,-99.51,10.01
-112.456,82.771,1985.5,-120.0,30.0
-115.311,81.265,1985.5,-98.58,11.28
-118.266,79.871,1985.5,-116.4,28.9
-121.117,78.587,1985.5,-117.19,28.89
-123.87,77.19,1985.5,-117.05,29.65
-126.521,75.791,1985.5,-93.66,7.26
-129.168,74.614,1985.5,-92.44,8.04
-132.119,73.442,1985.5,-89.7,2.6
-135.168,72.492,1985.5,-93.05,10.05
-138.213,71.765,1985.5,-97.1,13.3
-140.852,71.142,1985.5,-96.82,13.42
-143.19,70.403,1985.5,-95.79,12.39
-145.736,69.224,1985.5,-95.83,8.93
-148.386,67.936,1987.5,-96.12,27.92
-151.134,66.761,1987.5,-89.61,13.01
-153.979,65.919,1987.5,-84.27,7.27
-156.82,65.299,1987.5,-84.3,10.7
-159.858,65.015,1987.5,-95.97,24.47
-162.895,64.841,1987.5,-95.51,31.21
-165.931,64.667,1987.5,-91.63,21.53
-168.868,64.381,1987.5,-93.21,19.81
-171.603,64.092,1987.5,-93.34,23.14
-174.239,63.691,1987.5,-96.84,27.34
-176.871,63.51,1987.5,-91.03,17.73
-179.503,63.33,1987.5,-94.98,20.28
-184.561,63.189,1987.5,-96.57,19.47
-187.193,63.008,1987.5,-91.94,14.14
-189.518,63.045,1987.5,-90.86,11.06
-191.744,62.969,1987.5,-85.13,2.93
-193.865,63.114,1987.5,-85.35,1.55
-196.091,63.038,1987.5,-91.7,4.7
-198.519,62.966,1987.5,-91.63,4.43
-192.105,59.319,1987.5,-93.79,-26.21
-188.159,59.478,1987.5,-87.32,-32.68
-180.362,60.131,1987.5,-91.61,11.01
-176.82,60.296,1987.5,-96.05,28.35
-173.684,60.358,1987.5,-93.78,33.58
-170.753,60.311,1987.5,-95.59,33.09
-168.124,60.27,1987.5,-93.43,28.83
-165.497,60.118,1987.5,-95.21,28.61
-162.464,60.07,1987.5,-96.63,23.83
-159.228,60.13,1987.5,-96.41,28.41
-155.886,60.409,1987.5,-96.34,23.84
-152.744,60.914,1987.5,-95.7,16.5
-149.597,61.64,1987.5,-96.03,19.83
-146.648,62.701,1985.5,-97.42,28.42
-143.702,63.541,1985.5,-97.46,19.06
-140.556,64.267,1985.5,-96.08,10.08
-137.312,64.77,1985.5,-96.29,16.99
-134.163,65.718,1985.5,-96.85,14.45
-131.51,67.227,1985.5,-96.95,20.45
-129.052,69.183,1985.5,-96.23,15.63
-126.796,71.142,1985.5,-98.25,17.75
-124.649,72.659,1985.5,-105.14,23.84
-122.407,73.732,1985.5,-84.69,-3.81
-120.068,74.581,1985.5,-105.24,22.44
-117.628,75.429,1985.5,-104.98,12.98
-115.086,76.275,1985.5,-107.57,14.77
-112.646,77.123,1985.5,-109.74,20.94
-110.202,78.193,1985.5,-112.17,13.87
-107.961,79.266,1985.5,-120.0,26.4
-105.411,80.666,1985.5,-120.0,21.7
-102.862,81.955,1985.5,-120.0,20.9
-100.213,83.243,1985.5,-120.0,19.4
-97.666,84.422,1986.5,-110.37,7.37
-95.219,85.713,1986.5,-111.38,9.38
-92.568,87.112,1986.5,-120.0,20.1
-89.812,88.73,1988.5,-86.07,-17.73
-84.3,91.967,1988.5,-109.47,4.67
-81.851,93.369,1988.5,-107.93,3.33
-79.711,94.443,1988.5,-108.63,10.13
-77.978,95.303,1988.5,-91.71,-9.29
-76.349,96.052,1988.5,-86.79,-12.71
-74.822,96.693,1988.5,-95.66,-4.04
-73.297,97.223,1988.5,-91.73,-9.67
-72.181,97.427,1988.5,-88.83,-11.67
-71.067,97.52,1988.5,-88.54,-13.36
-69.247,97.492,1988.5,-91.9,-10.2
-67.137,96.683,1988.5,-85.66,-14.64
-65.544,95.106,1988.5,-82.15,-20.75
-64.575,92.432,1988.5,-86.92,-12.98
-63.919,89.097,1988.5,-87.88,-13.42
-63.158,86.094,1990.5,-81.45,-25.25
-62.283,83.864,1990.5,-90.21,-14.89
